page_id,name,ID,ALIGN,EYE,HAIR,SEX,ALIVE,APPEARANCES,Year
1678,Spider-Man (Peter Parker),Secret Identity,Good Characters,Hazel Eyes,Brown Hair,Male Characters,Living Characters,4043,1962
7139,Captain America (Steven Rogers),Public Identity,Good Characters,Blue Eyes,White Hair,Male Characters,Living Characters,3360,1941
64786,"Wolverine (James \""Logan\"" Howlett)",Public Identity,Neutral Characters,Blue Eyes,Black Hair,Male Characters,Living Characters,3061,1974
1868,"Iron Man (Anthony \""Tony\"" Stark)",Public Identity,Good Characters,Blue Eyes,Black Hair,Male Characters,Living Characters,2961,1963
2460,Thor (Thor Odinson),No Dual Identity,Good Characters,Blue Eyes,Blond Hair,Male Characters,Living Characters,2258,1950
2458,Benjamin Grimm (Earth-616),Public Identity,Good Characters,Blue Eyes,No Hair,Male Characters,Living Characters,2255,1961
2166,Reed Richards (Earth-616),Public Identity,Good Characters,Brown Eyes,Brown Hair,Male Characters,Living Characters,2072,1961
1833,Hulk (Robert Bruce Banner),Public Identity,Good Characters,Brown Eyes,Brown Hair,Male Characters,Living Characters,2017,1962
29481,Scott Summers (Earth-616),Public Identity,Neutral Characters,Brown Eyes,Brown Hair,Male Characters,Living Characters,1955,1963
1837,Jonathan Storm (Earth-616),Public Identity,Good Characters,Blue Eyes,Blond Hair,Male Characters,Living Characters,1934,1961
15725,Henry McCoy (Earth-616),Public Identity,Good Characters,Blue Eyes,Blue Hair,Male Characters,Living Characters,1825,1963
1863,Susan Storm (Earth-616),Public Identity,Good Characters,Blue Eyes,Blond Hair,Female Characters,Living Characters,1713,1961
2614,Ororo Munroe (Earth-616),Public Identity,Good Characters,Blue Eyes,White Hair,Female Characters,Living Characters,1512,1975
1803,Clinton Barton (Earth-616),Public Identity,Good Characters,Blue Eyes,Blond Hair,Male Characters,Living Characters,1394,1964
1396,Matthew Murdock (Earth-616),Public Identity,Good Characters,Blue Eyes,Red Hair,Male Characters,Living Characters,1338,1964
55534,Stephen Strange (Earth-616),Public Identity,Good Characters,Grey Eyes,Black Hair,Male Characters,Living Characters,1307,1963
1978,Mary Jane Watson (Earth-616),No Dual Identity,Good Characters,Green Eyes,Red Hair,Female Characters,Living Characters,1304,1965
1872,John Jonah Jameson (Earth-616),No Dual Identity,Neutral Characters,Blue Eyes,Black Hair,Male Characters,Living Characters,1266,1963
35350,Robert Drake (Earth-616),Secret Identity,Good Characters,Brown Eyes,Brown Hair,Male Characters,Living Characters,1265,1963
1557,Henry Pym (Earth-616),Public Identity,Good Characters,Blue Eyes,Blond Hair,Male Characters,Living Characters,1237,1962
65255,Charles Xavier (Earth-616),Public Identity,Good Characters,Blue Eyes,Bald,Male Characters,Deceased Characters,1233,1963
1073,Warren Worthington III (Earth-616),Public Identity,Good Characters,Blue Eyes,Blond Hair,Male Characters,Living Characters,1230,1963
1346,Piotr Rasputin (Earth-616),Secret Identity,Good Characters,Blue Eyes,Black Hair,Male Characters,Living Characters,1162,1975
2512,Wanda Maximoff (Earth-616),Public Identity,Good Characters,Green Eyes,Brown Hair,Female Characters,Living Characters,1161,1964
1671,Nicholas Fury (Earth-616),No Dual Identity,Neutral Characters,Brown Eyes,Brown Hair,Male Characters,Living Characters,1137,1963
1976,Janet van Dyne (Earth-616),Public Identity,Good Characters,Blue Eyes,Auburn Hair,Female Characters,Living Characters,1120,1963
65219,Jean Grey (Earth-616),Public Identity,Good Characters,Green Eyes,Red Hair,Female Characters,Deceased Characters,1107,1963
6545,Natalia Romanova (Earth-616),Public Identity,Good Characters,Green Eyes,Red Hair,Female Characters,Living Characters,1050,1964
2223,Kurt Wagner (Earth-616),Secret Identity,Good Characters,Yellow Eyes,Blue Hair,Male Characters,Living Characters,1047,1975
2414,Vision (Earth-616),Secret Identity,Good Characters,Gold Eyes,No Hair,Male Characters,Living Characters,1007,1968
8650,May Reilly (Earth-616),No Dual Identity,Good Characters,Blue Eyes,Grey Hair,Female Characters,Living Characters,1000,1962
2527,Katherine Pryde (Earth-616),Secret Identity,Good Characters,Hazel Eyes,Brown Hair,Female Characters,Living Characters,886,1980
1970,Carol Danvers (Earth-616),Public Identity,Good Characters,Blue Eyes,Blond Hair,Female Characters,Living Characters,881,1968
37690,Jennifer Walters (Earth-616),Public Identity,Good Characters,Green Eyes,Brown Hair,Female Characters,Living Characters,881,1980
3765,Emma Frost (Earth-616),Public Identity,Neutral Characters,Blue Eyes,Brown Hair,Female Characters,Living Characters,880,1980
2312,Frank Castle (Earth-616),Public Identity,Neutral Characters,Blue Eyes,Black Hair,Male Characters,Living Characters,878,1974
1265,Luke Cage (Earth-616),No Dual Identity,Good Characters,Brown Eyes,Black Hair,Male Characters,Living Characters,856,1972
25222,Conan (Earth-616),No Dual Identity,Neutral Characters,Blue Eyes,Black Hair,Male Characters,Living Characters,787,1970
6537,Joseph Robertson (Earth-616),No Dual Identity,Good Characters,Brown Eyes,White Hair,Male Characters,Living Characters,752,1967
1592,Pietro Maximoff (Earth-616),Public Identity,Good Characters,Blue Eyes,Silver Hair,Male Characters,Living Characters,740,1964
1818,Hercules (Earth-616),No Dual Identity,Good Characters,Blue Eyes,Brown Hair,Male Characters,Living Characters,725,1965
1448,Victor von Doom (Earth-616),Public Identity,Bad Characters,Brown Eyes,Brown Hair,Male Characters,Living Characters,721,1962
2081,Max Eisenhardt (Earth-616),Public Identity,Neutral Characters,Grey Eyes,Bald,Male Characters,Living Characters,709,1963
2307,Elizabeth Braddock (Earth-616),Secret Identity,Neutral Characters,Blue Eyes,Purple Hair,Female Characters,Living Characters,708,1976
2556,Norrin Radd (Earth-616),Public Identity,Good Characters,Blue Eyes,Bald,Male Characters,Living Characters,696,1966
1740,Norman Osborn (Earth-616),Public Identity,Bad Characters,Blue Eyes,Auburn Hair,Male Characters,Living Characters,692,1964
8651,Eugene Thompson (Earth-616),Secret Identity,Good Characters,Blue Eyes,Strawberry Blond Hair,Male Characters,Living Characters,689,1962
2009,Simon Williams (Earth-616),Public Identity,Good Characters,Red Eyes,Grey Hair,Male Characters,Living Characters,686,1964
1276,Samuel Guthrie (Earth-616),Secret Identity,Good Characters,Blue Eyes,Blond Hair,Male Characters,Living Characters,657,1982
15823,James Buchanan Barnes (Earth-616),Secret Identity,Good Characters,Brown Eyes,Brown Hair,Male Characters,Living Characters,641,1941
1680,Remy LeBeau (Earth-616),Secret Identity,Good Characters,Black Eyeballs,Brown Hair,Male Characters,Living Characters,636,1990
1866,Daniel Rand (Earth-616),Secret Identity,Good Characters,Blue Eyes,Blond Hair,Male Characters,Living Characters,618,1974
32498,Nathan Summers (Earth-616),Public Identity,Neutral Characters,Blue Eyes,White Hair,Male Characters,Living Characters,612,1986
1772,Elizabeth Brant (Earth-616),No Dual Identity,Good Characters,Brown Eyes,Brown Hair,Female Characters,Living Characters,599,1963
1896,Richard Jones (Earth-616),Secret Identity,Good Characters,Brown Eyes,Brown Hair,Male Characters,Living Characters,590,1962
1496,Edwin Jarvis (Earth-616),No Dual Identity,Good Characters,Blue Eyes,White Hair,Male Characters,Living Characters,567,1964
1802,Alexander Summers (Earth-616),Public Identity,Good Characters,Blue Eyes,Blond Hair,Male Characters,Living Characters,558,1969
1811,Patricia Walker (Earth-616),Secret Identity,Good Characters,Blue Eyes,Red Hair,Female Characters,Living Characters,550,1944
1836,Human Torch (Android) (Earth-616),Public Identity,Good Characters,Blue Eyes,Blond Hair,Male Characters,Living Characters,548,1939
2042,Loki Laufeyson (Earth-616),No Dual Identity,Neutral Characters,Green Eyes,Black Hair,Genderfluid Characters,Living Characters,532,1949
1643,Franklin Nelson (Earth-616),No Dual Identity,Good Characters,Blue Eyes,Bald,Male Characters,Living Characters,528,1964
1285,Brian Braddock (Earth-616),Public Identity,Good Characters,Blue Eyes,Blond Hair,Male Characters,Living Characters,528,1976
1453,Otto Octavius (Earth-616),Secret Identity,Neutral Characters,Hazel Eyes,Brown Hair,Male Characters,Deceased Characters,526,1963
6194,James Rhodes (Earth-616),Secret Identity,Good Characters,Brown Eyes,Brown Hair,Male Characters,Living Characters,525,1979
1487,Timothy Dugan (Earth-616),Public Identity,Good Characters,Blue Eyes,Red Hair,Male Characters,Deceased Characters,517,1963
1380,Crystalia Amaquelin (Earth-616),Public Identity,Good Characters,Green Eyes,Strawberry Blond Hair,Female Characters,Living Characters,512,1965
1613,Samuel Wilson (Earth-616),Public Identity,Good Characters,Brown Eyes,Black Hair,Male Characters,Living Characters,512,1969
1931,Wilson Fisk (Earth-616),Public Identity,Bad Characters,Blue Eyes,Bald,Male Characters,Living Characters,503,1967
1596,Odin Borson (Earth-616),Public Identity,Neutral Characters,Blue Eyes,White Hair,Male Characters,Living Characters,502,1962
1409,Deadpool (Wade Wilson),Secret Identity,Neutral Characters,Brown Eyes,Bald,Male Characters,Living Characters,500,1991
1187,Dane Whitman (Earth-616),Secret Identity,Good Characters,Brown Eyes,Brown Hair,Male Characters,Living Characters,478,1967
1741,Harold Osborn (Earth-616),No Dual Identity,Good Characters,Blue Eyes,Brown Hair,Male Characters,Living Characters,474,1965
68416,Franklin Richards (Earth-616),No Dual Identity,Good Characters,Blue Eyes,Blond Hair,Male Characters,Living Characters,473,1968
2589,Jessica Drew (Earth-616),Secret Identity,Good Characters,Green Eyes,Auburn Hair,Female Characters,Living Characters,471,1977
2626,Roberto da Costa (Earth-616),Secret Identity,Good Characters,Brown Eyes,Black Hair,Male Characters,Living Characters,464,1982
2007,Rahne Sinclair (Earth-616),Secret Identity,Good Characters,Green Eyes,Red Hair,Female Characters,Living Characters,448,1982
1130,Elizabeth Ross (Earth-616),Public Identity,Good Characters,Blue Eyes,Black Hair,Female Characters,Living Characters,446,1962
2278,Lorna Dane (Earth-616),Secret Identity,Good Characters,Green Eyes,Green Hair,Female Characters,Living Characters,433,1968
1705,Johnathon Blaze (Earth-616),Secret Identity,Good Characters,Blue Eyes,Reddish Blond Hair,Male Characters,Living Characters,426,1972
2550,Sif (Earth-616),No Dual Identity,Good Characters,Blue Eyes,Black Hair,Female Characters,Living Characters,422,1964
2365,Red Hulk (Thaddeus Ross),Public Identity,Neutral Characters,Blue Eyes,Black Hair,Male Characters,Living Characters,415,1962
1900,Jubilation Lee (Earth-616),Secret Identity,Good Characters,Brown Eyes,Black Hair,Female Characters,Living Characters,408,1989
2420,Volstagg (Earth-616),Public Identity,Good Characters,Blue Eyes,Red Hair,Male Characters,Living Characters,406,1965
1127,Balder Odinson (Earth-616),Secret Identity,Good Characters,Blue Eyes,Brown Hair,Male Characters,Deceased Characters,403,1962
1676,Galactus (Earth-616),Secret Identity,Neutral Characters,Brown Eyes,No Hair,Male Characters,Living Characters,390,1966
1395,Danielle Moonstar (Earth-616),Secret Identity,Good Characters,Brown Eyes,Black Hair,Female Characters,Living Characters,388,1982
2183,Marc Spector (Earth-616),Secret Identity,Good Characters,Brown Eyes,Brown Hair,Male Characters,Living Characters,387,1975
1782,Gwendolyne Stacy (Earth-616),No Dual Identity,Good Characters,Blue Eyes,Blond Hair,Female Characters,Deceased Characters,384,1965
2137,Medusalith Amaquelin (Earth-616),Public Identity,Good Characters,Green Eyes,Red Hair,Female Characters,Living Characters,382,1965
2374,Sabretooth (Victor Creed),Secret Identity,Bad Characters,Amber Eyes,Blond Hair,Male Characters,Living Characters,382,1977
2077,Illyana Rasputina (Earth-616),Secret Identity,Neutral Characters,Blue Eyes,Blond Hair,Female Characters,Living Characters,380,1975
2344,Johann Shmidt (Earth-616),Public Identity,Bad Characters,Blue Eyes,Blond Hair,Male Characters,Deceased Characters,376,1941
1616,Fandral (Earth-616),Secret Identity,Good Characters,Blue Eyes,Blond Hair,Male Characters,Deceased Characters,375,1965
1131,Sean Cassidy (Earth-616),Secret Identity,Neutral Characters,Green Eyes,Strawberry Blond Hair,Male Characters,Living Characters,374,1967
2487,Thomas Raymond (Earth-616),Secret Identity,Good Characters,Blue Eyes,Black Hair,Male Characters,Living Characters,373,1940
1572,Uatu (Earth-616),Public Identity,Good Characters,Blue Eyes,Bald,Male Characters,Deceased Characters,373,1963
2239,Richard Rider (Earth-616),Public Identity,Good Characters,Brown Eyes,Brown Hair,Male Characters,Deceased Characters,373,1976
1827,Hogun (Earth-616),Public Identity,Good Characters,Grey Eyes,Black Hair,Male Characters,Living Characters,371,1965
55878,Raven Darkholme (Earth-616),Secret Identity,Bad Characters,Yellow Eyes,Red Hair,Female Characters,Living Characters,371,1978
2173,Barbara Morse (Earth-616),Secret Identity,Good Characters,Blue Eyes,Blond Hair,Female Characters,Living Characters,368,1971
1179,Blackagar Boltagon (Earth-616),No Dual Identity,Good Characters,Blue Eyes,Black Hair,Male Characters,Living Characters,366,1965
2392,Brunnhilde (Earth-616),Secret Identity,Good Characters,Blue Eyes,Blond Hair,Female Characters,Living Characters,361,1970
1404,Alison Blaire (Earth-616),Public Identity,Good Characters,Blue Eyes,Strawberry Blond Hair,Female Characters,Living Characters,353,1980
18186,Venom (Symbiote) (Earth-616),Known to Authorities Identity,Neutral Characters,Variable Eyes,No Hair,Agender Characters,Living Characters,348,1984
1586,John Walker (Earth-616),Secret Identity,Good Characters,Blue Eyes,Blond Hair,Male Characters,Living Characters,346,1986
2440,Greer Grant (Earth-616),Public Identity,Good Characters,Green Eyes,Black Hair,Female Characters,Living Characters,342,1972
2185,Karla Sofen (Earth-616),Public Identity,Neutral Characters,Blue Eyes,Blond Hair,Female Characters,Living Characters,340,1975
2382,William Baker (Earth-616),Secret Identity,Neutral Characters,Brown Eyes,Brown Hair,Male Characters,Living Characters,338,1963
1300,Sharon Carter (Earth-616),Public Identity,Good Characters,Blue Eyes,Blond Hair,Female Characters,Living Characters,332,1966
1901,Cain Marko (Earth-616),Public Identity,Neutral Characters,Blue Eyes,Red Hair,Male Characters,Living Characters,329,1965
20978,Maria Hill (Earth-616),No Dual Identity,Good Characters,Brown Eyes,Black Hair,Female Characters,Living Characters,325,2005
1161,Ben Urich (Earth-616),No Dual Identity,Good Characters,Brown Eyes,Brown Hair,Male Characters,Living Characters,324,1978
2182,Heather Douglas (Earth-616),Secret Identity,Good Characters,Blue Eyes,Bald,Female Characters,Living Characters,323,1973
100209,Millicent Collins (Earth-616),Public Identity,,Blue Eyes,Blond Hair,Female Characters,Living Characters,321,1945
1973,James Proudstar (Earth-616),Secret Identity,Good Characters,Brown Eyes,Black Hair,Male Characters,Living Characters,320,1984
1633,Angelica Jones (Earth-616),Known to Authorities Identity,Good Characters,Green Eyes,Red Hair,Female Characters,Living Characters,319,1985
11857,Edward Brock (Earth-616),Public Identity,Neutral Characters,Black Eyes,Blond Hair,Male Characters,Living Characters,318,1986
2513,MacDonald Gargan (Earth-616),Secret Identity,Bad Characters,Brown Eyes,Bald,Male Characters,Living Characters,317,1964
2146,Mephisto (Earth-616),No Dual Identity,Bad Characters,White Eyes,Black Hair,Male Characters,Living Characters,316,1968
7630,Tabitha Smith (Earth-616),Secret Identity,Good Characters,Blue Eyes,Blond Hair,Female Characters,Living Characters,316,1985
2238,Jean-Paul Beaubier (Earth-616),Secret Identity,Good Characters,Blue Eyes,Black Hair,Male Characters,Living Characters,313,1979
1706,Daniel Ketch (Earth-616),Secret Identity,Neutral Characters,Green Eyes,Brown Hair,Male Characters,Living Characters,311,1990
1460,Neena Thurman (Earth-616),Secret Identity,Good Characters,Blue Eyes,Black Hair,Female Characters,Living Characters,310,1992
2010,Wong (Earth-616),No Dual Identity,Good Characters,Brown Eyes,Bald,Male Characters,Living Characters,306,1963
2456,Thanos (Earth-616),No Dual Identity,Bad Characters,Red Eyes,No Hair,Male Characters,Living Characters,306,1973
15282,Shang-Chi (Earth-616),No Dual Identity,Good Characters,Brown Eyes,Black Hair,Male Characters,Living Characters,296,1973
4704,Alicia Masters (Earth-616),No Dual Identity,Good Characters,Brown Eyes,Strawberry Blond Hair,Female Characters,Living Characters,293,1962
5708,Robert Baldwin (Earth-616),Secret Identity,Good Characters,Blue Eyes,Blond Hair,Male Characters,Living Characters,293,1988
1902,Vance Astrovik (Earth-616),Public Identity,Good Characters,Hazel Eyes,Brown Hair,Male Characters,Living Characters,290,1975
6633,Wendell Vaughn (Earth-616),Secret Identity,Good Characters,Blue Eyes,Blond Hair,Male Characters,Living Characters,290,1978
100716,Chili Storm (Earth-616),Public Identity,,Green Eyes,Red Hair,Female Characters,Living Characters,284,1948
4565,Abner Jenkins (Earth-616),Public Identity,Good Characters,Brown Eyes,Brown Hair,Male Characters,Living Characters,284,1964
1505,Elektra Natchios (Earth-616),Secret Identity,Neutral Characters,Blue Eyes,Black Hair,Female Characters,Living Characters,280,1981
1256,Bullseye (Lester) (Earth-616),Secret Identity,Bad Characters,Blue Eyes,Blond Hair,Male Characters,Living Characters,277,1976
119507,Forge (Earth-616),Public Identity,Good Characters,Brown Eyes,Black Hair,Male Characters,Living Characters,276,1984
9106,Virginia Potts (Earth-616),No Dual Identity,Good Characters,Green Eyes,Red Hair,Female Characters,Living Characters,274,1963
2383,Walter Langkowski (Earth-616),Secret Identity,Good Characters,Blue Eyes,Blond Hair,Male Characters,Living Characters,273,1979
1733,Gorgon (Earth-616),Secret Identity,Good Characters,Brown Eyes,Brown Hair,Male Characters,Living Characters,272,1965
37689,James Madrox (Earth-616),Public Identity,Good Characters,Brown Eyes,Brown Hair,Male Characters,Living Characters,271,1975
1808,Heimdall (Earth-616),Secret Identity,Good Characters,Grey Eyes,Brown Hair,Male Characters,Living Characters,270,1962
2558,Theresa Cassidy (Earth-616),Secret Identity,Good Characters,Green Eyes,Red Hair,Female Characters,Living Characters,267,1981
1565,Laura Kinney (Earth-616),Secret Identity,Good Characters,Green Eyes,Black Hair,Female Characters,Living Characters,265,2004
33447,Arthur Douglas (Earth-616),Secret Identity,Good Characters,Blue Eyes,Brown Hair,Male Characters,Living Characters,264,1973
2511,Peter Parker (Ben Reilly) (Earth-616),Secret Identity,Good Characters,Hazel Eyes,Blond Hair,Male Characters,Deceased Characters,263,1975
1971,Warlock (Technarch) (Earth-616),Secret Identity,Good Characters,Black Eyes,No Hair,Male Characters,Living Characters,261,1984
1903,Kevin Plunder (Earth-616),Public Identity,Good Characters,Blue Eyes,Blond Hair,Male Characters,Living Characters,260,1965
1445,Leonard Samson (Earth-616),Public Identity,Good Characters,Brown Eyes,Green Hair,Male Characters,Deceased Characters,260,1971
2582,Melissa Gold (Earth-616),Secret Identity,Good Characters,Green Eyes,Blond Hair,Female Characters,Living Characters,260,1979
2037,Lockheed (Earth-616),Secret Identity,Good Characters,,No Hair,Male Characters,Living Characters,260,1983
1935,Mercedes Knight (Earth-616),Public Identity,Good Characters,Brown Eyes,Black Hair,Female Characters,Living Characters,259,1972
2060,Moira Kinross (Earth-616),No Dual Identity,Good Characters,Blue Eyes,Brown Hair,Female Characters,Deceased Characters,259,1975
1915,Karnak (Earth-616),Secret Identity,Good Characters,Blue Eyes,Black Hair,Male Characters,Deceased Characters,257,1965
2204,Namorita Prentiss (Earth-616),Public Identity,Good Characters,Blue Eyes,Blond Hair,Female Characters,Deceased Characters,257,1972
2038,Lockjaw (Earth-616),Secret Identity,Good Characters,Brown Eyes,Brown Hair,Male Characters,Living Characters,255,1965
1029,Adam Warlock (Earth-616),No Dual Identity,Good Characters,White Eyes,Gold Hair,Male Characters,Living Characters,252,1967
2407,Heather McNeil (Earth-616),Public Identity,Neutral Characters,Green Eyes,Red Hair,Female Characters,Living Characters,252,1980
2034,Curtis Connors (Earth-616),Public Identity,Neutral Characters,Red Eyes,No Hair,Male Characters,Living Characters,250,1963
2097,Theodore Sallis (Earth-616),Secret Identity,Good Characters,Red Eyes,No Hair,Male Characters,Living Characters,249,1971
2421,Adrian Toomes (Earth-616),Public Identity,Bad Characters,Hazel Eyes,Bald,Male Characters,Living Characters,248,1963
1514,Amora (Earth-616),Public Identity,Bad Characters,Green Eyes,Blond Hair,Female Characters,Living Characters,247,1964
1335,Clea (Earth-616),No Dual Identity,Good Characters,Blue Eyes,White Hair,Female Characters,Living Characters,247,1964
1289,Mar-Vell (Earth-616),Public Identity,Good Characters,Blue Eyes,Blond Hair,Male Characters,Deceased Characters,245,1967
2309,Eugene Judd (Earth-616),Public Identity,Good Characters,Brown Eyes,Bald,Male Characters,Living Characters,245,1983
1813,Daimon Hellstrom (Earth-616),No Dual Identity,Neutral Characters,Red Eyes,Red Hair,Male Characters,Living Characters,242,1973
76396,John Jonah Jameson III (Earth-616),No Dual Identity,Good Characters,Brown Eyes,Auburn Hair,Male Characters,Living Characters,240,1963
2497,Triton (Earth-616),No Dual Identity,Good Characters,Green Eyes,No Hair,Male Characters,Living Characters,240,1965
6517,Robert Reynolds (Earth-616),Secret Identity,Neutral Characters,Blue Eyes,Blond Hair,Male Characters,Living Characters,240,2000
2351,Aleksei Sytsevich (Earth-616),Secret Identity,Bad Characters,Brown Eyes,Brown Hair,Male Characters,Deceased Characters,239,1966
15903,Santo Vaccarro (Earth-616),Secret Identity,Good Characters,White Eyes,No Hair,Male Characters,Living Characters,238,2003
2335,Jonathan Clay (Earth-616),Secret Identity,Good Characters,Blue Eyes,Red Hair,Male Characters,Living Characters,237,1960
1095,Ares (Earth-616),Secret Identity,Neutral Characters,Brown Eyes,Brown Hair,Male Characters,Deceased Characters,236,1949
2523,Sersi (Earth-616),Secret Identity,Good Characters,Blue Eyes,Black Hair,Female Characters,Living Characters,236,1976
2617,Guido Carosella (Earth-616),Secret Identity,Neutral Characters,Brown Eyes,Bald,Male Characters,Living Characters,236,1985
1533,Zabu (Earth-616),Public Identity,Good Characters,Green Eyes,Orange Hair,Male Characters,Living Characters,234,1965
2186,Michael Morbius (Earth-616),Secret Identity,Neutral Characters,Red Eyes,Black Hair,Male Characters,Living Characters,231,1971
2353,Julio Richter (Earth-616),Secret Identity,Good Characters,Brown Eyes,Brown Hair,Male Characters,Living Characters,231,1987
15907,Megan Gwynn (Earth-616),Public Identity,Good Characters,Black Eyeballs,Pink Hair,Female Characters,Living Characters,229,2004
2724,Kyle Richmond (Earth-616),Secret Identity,Good Characters,Brown Eyes,Auburn Hair,Male Characters,Living Characters,227,1969
1911,Karen Page (Earth-616),No Dual Identity,Good Characters,Blue Eyes,Blond Hair,Female Characters,Deceased Characters,226,1964
1336,Tyrone Johnson (Earth-616),Secret Identity,Good Characters,Brown Eyes,Black Hair,Male Characters,Living Characters,226,1982
1503,Maxwell Dillon (Earth-616),Public Identity,Bad Characters,Blue Eyes,Auburn Hair,Male Characters,Living Characters,225,1964
1356,Valerie Cooper (Earth-616),Public Identity,Good Characters,Blue Eyes,Blond Hair,Female Characters,Living Characters,225,1983
8844,Anna May (Earth-616),No Dual Identity,Good Characters,Blue Eyes,White Hair,Female Characters,Living Characters,224,1964
1471,Vlad Dracula (Earth-616),No Dual Identity,Bad Characters,Red Eyes,White Hair,Male Characters,Living Characters,223,1951
1389,Tandy Bowen (Earth-616),Secret Identity,Good Characters,Blue Eyes,Blond Hair,Female Characters,Living Characters,222,1982
2054,Monet St. Croix (Earth-616),No Dual Identity,Good Characters,Brown Eyes,Black Hair,Female Characters,Living Characters,221,1994
1684,Gamora (Earth-616),No Dual Identity,Neutral Characters,Yellow Eyes,Black Hair,Female Characters,Living Characters,218,1975
10174,Amara Aquilla (Earth-616),Secret Identity,Good Characters,Blue Eyes,Blond Hair,Female Characters,Living Characters,217,1983
2590,Julia Carpenter (Earth-616),Secret Identity,Good Characters,Blue Eyes,Strawberry Blond Hair,Female Characters,Living Characters,212,1984
1654,Jane Foster (Earth-616),No Dual Identity,Good Characters,Blue Eyes,Brown Hair,Female Characters,Living Characters,211,1962
2482,Mortimer Toynbee (Earth-616),Secret Identity,Neutral Characters,Black Eyes,Brown Hair,Male Characters,Living Characters,210,1964
1080,Scott Lang (Earth-616),Public Identity,Good Characters,Blue Eyes,Strawberry Blond Hair,Male Characters,Living Characters,209,1979
1840,Paige Guthrie (Earth-616),Secret Identity,Good Characters,Blue Eyes,Blond Hair,Female Characters,Living Characters,207,1984
8648,Benjamin Parker (Earth-616),No Dual Identity,Good Characters,Blue Eyes,Brown Hair,Male Characters,Deceased Characters,205,1962
1117,Erik Josten (Earth-616),Secret Identity,Good Characters,Brown Eyes,Red Hair,Male Characters,Living Characters,204,1965
1122,Jeanne-Marie Beaubier (Earth-616),Secret Identity,Good Characters,Blue Eyes,Black Hair,Female Characters,Living Characters,203,1979
1027,Carl Creel (Earth-616),Public Identity,Bad Characters,Blue Eyes,Bald,Male Characters,Living Characters,202,1964
2528,Michael Twoyoungmen (Earth-616),Public Identity,Good Characters,Brown Eyes,Black Hair,Male Characters,Living Characters,200,1979
119275,Hope Summers (Earth-616),Secret Identity,Good Characters,Green Eyes,Red Hair,Female Characters,Living Characters,200,2008
2470,Eric Masterson (Earth-616),Secret Identity,Good Characters,Blue Eyes,Blond Hair,Male Characters,Deceased Characters,198,1988
1544,Alexander Power (Earth-616),Secret Identity,Good Characters,Blue Eyes,Blond Hair,Male Characters,Living Characters,197,1984
2501,Matthew Hawk (Earth-616),Secret Identity,Good Characters,Blue Eyes,Brown Hair,Male Characters,Deceased Characters,195,1962
1888,Jessica Jones (Earth-616),No Dual Identity,Good Characters,Brown Eyes,Brown Hair,Female Characters,Living Characters,195,1963
1215,Frederick Dukes (Earth-616),Public Identity,Bad Characters,Brown Eyes,Brown Hair,Male Characters,Living Characters,194,1964
1204,Eric Brooks (Earth-616),Public Identity,Good Characters,Brown Eyes,Black Hair,Male Characters,Living Characters,194,1973
1523,Eros (Earth-616),Public Identity,Good Characters,Blue Eyes,Red Hair,Male Characters,Living Characters,193,1973
1232,Madison Jeffries (Earth-616),No Dual Identity,Good Characters,Brown Eyes,Black Hair,Male Characters,Living Characters,193,1983
2099,Mandarin (Earth-616),Secret Identity,Bad Characters,Blue Eyes,Black Hair,Male Characters,Deceased Characters,190,1964
2006,The Wizard (Earth-616),Public Identity,Bad Characters,Hazel Eyes,Brown Hair,Male Characters,Living Characters,189,1962
51769,Akihiro (Earth-616),Secret Identity,Bad Characters,Blue Eyes,Black Hair,Male Characters,Living Characters,189,2006
1943,Sergei Kravinoff (Earth-616),Public Identity,Bad Characters,Brown Eyes,Black Hair,Male Characters,Deceased Characters,188,1964
1315,Jonothon Starsmore (Earth-616),Secret Identity,Good Characters,Brown Eyes,Brown Hair,Male Characters,Living Characters,187,1994
1142,Helmut Zemo (Earth-616),Public Identity,Bad Characters,Blue Eyes,Blond Hair,Male Characters,Living Characters,184,1973
15901,Victor Borkowski (Earth-616),Secret Identity,Good Characters,Brown Eyes,Black Hair,Male Characters,Living Characters,184,2003
4368,Edward Leeds (Earth-616),Secret Identity,Neutral Characters,Blue Eyes,Brown Hair,Male Characters,Deceased Characters,181,1964
1576,Ultron (Earth-616),No Dual Identity,Bad Characters,Red Eyes,No Hair,Male Characters,Deceased Characters,181,1968
1386,Douglas Ramsey (Earth-616),Secret Identity,Good Characters,Blue Eyes,Blond Hair,Male Characters,Living Characters,181,1984
2715,Quentin Beck (Earth-616),Secret Identity,Bad Characters,Blue Eyes,Bald,Male Characters,Living Characters,180,1964
1822,Herbert Wyndham (Earth-616),Secret Identity,Neutral Characters,Brown Eyes,Brown Hair,Male Characters,Living Characters,179,1966
39324,Julian Keller (Earth-616),Public Identity,Good Characters,Blue Eyes,Black Hair,Male Characters,Living Characters,179,2003
1981,Jack Russell (Earth-616),Secret Identity,Good Characters,Blue Eyes,Red Hair,Male Characters,Living Characters,178,1972
39972,Celeste Cuckoo (Earth-616),Secret Identity,Good Characters,Blue Eyes,Blond Hair,Female Characters,Living Characters,177,2001
1354,Valentina Allegra de Fontaine (Earth-616),Secret Identity,Neutral Characters,Blue Eyes,Black Hair,Female Characters,Living Characters,176,1967
2065,Ophelia Sarkissian (Earth-616),Secret Identity,Bad Characters,Green Eyes,Black Hair,Female Characters,Living Characters,175,1969
1344,Colleen Wing (Earth-616),Public Identity,Good Characters,Blue Eyes,Auburn Hair,Female Characters,Living Characters,175,1974
57563,Irma Cuckoo (Earth-616),Secret Identity,Good Characters,Blue Eyes,Black Hair,Female Characters,Living Characters,175,2001
1184,Sebastian Shaw (Earth-616),No Dual Identity,Neutral Characters,Blue Eyes,Black Hair,Male Characters,Living Characters,174,1980
57564,Phoebe Cuckoo (Earth-616),Secret Identity,Good Characters,Blue Eyes,Blond Hair,Female Characters,Living Characters,174,2001
2376,Sage (Earth-616),Secret Identity,Good Characters,Blue Eyes,Black Hair,Female Characters,Living Characters,172,1980
2115,Valeria Richards (Earth-616),No Dual Identity,Good Characters,Blue Eyes,Blond Hair,Female Characters,Living Characters,171,2002
194870,Donald Blake (Earth-616),No Dual Identity,Good Characters,Blue Eyes,Blond Hair,Male Characters,Living Characters,170,1962
1809,Hela (Earth-616),Secret Identity,Bad Characters,Green Eyes,Black Hair,Female Characters,Deceased Characters,170,1964
2024,Lilandra Neramani (Earth-616),No Dual Identity,Good Characters,Orange Eyes,Black Hair,Female Characters,Deceased Characters,170,1976
1760,Henry Gyrich (Earth-616),No Dual Identity,Bad Characters,Green Eyes,Red Hair,Male Characters,Living Characters,170,1977
4877,Dwayne Taylor (Earth-616),Secret Identity,Good Characters,Brown Eyes,Black Hair,Male Characters,Deceased Characters,169,1989
7975,Harold Hogan (Earth-616),No Dual Identity,Good Characters,Brown Eyes,Brown Hair,Male Characters,Deceased Characters,166,1963
1399,Christopher Powell (Earth-616),Secret Identity,Good Characters,Brown Eyes,Brown Hair,Male Characters,Living Characters,165,1991
2178,Harvey Elder (Earth-616),Secret Identity,Bad Characters,Brown Eyes,Grey Hair,Male Characters,Living Characters,164,1961
1140,Wolfgang von Strucker (Earth-616),Public Identity,Bad Characters,Blue Eyes,Bald,Male Characters,Deceased Characters,164,1964
2015,Dirk Garthwaite (Earth-616),Secret Identity,Bad Characters,Blue Eyes,Brown Hair,Male Characters,Living Characters,164,1968
2271,Pip Gofern (Earth-616),Secret Identity,Good Characters,Green Eyes,Red Hair,Male Characters,Living Characters,163,1975
2428,Tony Masters (Earth-616),Secret Identity,Neutral Characters,Brown Eyes,Brown Hair,Male Characters,Living Characters,163,1980
19592,David Lieberman (Earth-616),Secret Identity,Neutral Characters,Green Eyes,Brown Hair,Male Characters,Deceased Characters,163,1987
1756,James Hudson (Earth-616),Secret Identity,Good Characters,Brown Eyes,Black Hair,Male Characters,Living Characters,161,1978
1874,Miles Warren (Earth-616),Secret Identity,Bad Characters,Green Eyes,No Hair,Male Characters,Living Characters,160,1965
1715,Kallark (Earth-616),Public Identity,Neutral Characters,Blue Eyes,Blue Hair,Male Characters,Living Characters,160,1977
1084,En Sabah Nur (Earth-616),Public Identity,Bad Characters,Red Eyes,Black Hair,Male Characters,Deceased Characters,160,1986
2624,Shiro Yoshida (Earth-616),Public Identity,Good Characters,Black Eyes,Black Hair,Male Characters,Living Characters,158,1970
2554,Silver Sablinova (Earth-616),Secret Identity,Good Characters,Blue Eyes,Silver Hair,Female Characters,Deceased Characters,158,1985
5398,Elvin Haliday (Earth-616),Secret Identity,Good Characters,Brown Eyes,Bald,Male Characters,Living Characters,158,1990
2168,Calvin Zabo (Earth-616),Secret Identity,Bad Characters,Brown Eyes,Brown Hair,Male Characters,Living Characters,157,1963
1226,Frederick Myers (Earth-616),Secret Identity,Bad Characters,Brown Eyes,Brown Hair,Male Characters,Living Characters,157,1966
2105,Mantis (Earth-616),Secret Identity,Good Characters,Green Eyes,Black Hair,Female Characters,Living Characters,156,1973
1057,Marlene Alraune (Earth-616),No Dual Identity,Good Characters,Blue Eyes,Blond Hair,Female Characters,Living Characters,156,1976
1435,Rachel Leighton (Earth-616),Secret Identity,Good Characters,Green Eyes,Brown Hair,Female Characters,Living Characters,156,1985
119342,Veranke (Earth-616),No Dual Identity,Bad Characters,Green Eyes,Green Hair,Female Characters,Deceased Characters,156,2005
2170,Nathaniel Essex (Earth-616),Secret Identity,Bad Characters,Red Eyes,Black Hair,Male Characters,Living Characters,155,1987
1450,Anthony Druid (Earth-616),Public Identity,Good Characters,Green Eyes,Black Hair,Male Characters,Deceased Characters,153,1961
68280,Cassandra Lang (Earth-616),Public Identity,Good Characters,Blue Eyes,Blond Hair,Female Characters,Deceased Characters,153,1979
1163,Beta Ray Bill (Earth-616),No Dual Identity,Good Characters,White Eyes,No Hair,Male Characters,Living Characters,153,1983
1958,Samuel Sterns (Earth-616),Public Identity,Bad Characters,Red Eyes,Black Hair,Male Characters,Deceased Characters,152,1964
1961,Leech (Earth-616),Secret Identity,Good Characters,White Eyes,No Hair,Male Characters,Living Characters,152,1984
2422,Glenn Talbot (Earth-616),No Dual Identity,Neutral Characters,Blue Eyes,Brown Hair,Male Characters,Deceased Characters,151,1964
15209,Bug (Earth-616),Public Identity,Good Characters,Yellow Eyes,Green Hair,Male Characters,Living Characters,151,1979
2494,Peter Petruski (Earth-616),Secret Identity,Bad Characters,Brown Eyes,Bald,Male Characters,Living Characters,150,1963
2023,Julie Power (Earth-616),Secret Identity,Good Characters,Blue Eyes,Strawberry Blond Hair,Female Characters,Living Characters,150,1984
2067,Giuletta Nefaria (Earth-616),Secret Identity,Bad Characters,Grey Eyes,Black Hair,Female Characters,Living Characters,149,1968
41613,Robert Ralston (Earth-616),No Dual Identity,Good Characters,Blue Eyes,Blond Hair,Male Characters,Deceased Characters,148,1963
79494,Maximus (Earth-616),Secret Identity,Neutral Characters,Blue Eyes,Black Hair,Male Characters,Living Characters,147,1966
1287,Genis-Vell (Earth-616),Public Identity,Good Characters,Blue Eyes,Blond Hair,Male Characters,Deceased Characters,147,1993
16501,Hisako Ichiki (Earth-616),Secret Identity,Good Characters,Black Eyes,Black Hair,Female Characters,Living Characters,147,2004
1316,Dmitri Smerdyakov (Earth-616),Secret Identity,Bad Characters,Variable Eyes,Variable Hair,Male Characters,Living Characters,146,1963
9967,Eliot Franklin (Thunderball) (Earth-616),Public Identity,Bad Characters,Brown Eyes,Black Hair,Male Characters,Living Characters,146,1974
2058,X-51 (Earth-616),Known to Authorities Identity,Good Characters,Red Eyes,Black Hair,Male Characters,Living Characters,146,1977
2072,Madelyne Pryor (Earth-616),Public Identity,Bad Characters,Green Eyes,Red Hair,Female Characters,Living Characters,146,1983
101355,Adolf Hitler (Earth-616),No Dual Identity,Bad Characters,Brown Eyes,Brown Hair,Male Characters,Deceased Characters,145,1940
2543,Herman Schultz (Earth-616),Public Identity,Bad Characters,Brown Eyes,Brown Hair,Male Characters,Living Characters,145,1967
9819,Noriko Ashida (Earth-616),Secret Identity,Good Characters,Brown Eyes,Black Hair,Female Characters,Living Characters,145,2004
2320,Chen Lu (Earth-616),Secret Identity,Bad Characters,Brown Eyes,Bald,Male Characters,Living Characters,144,1963
1933,Ulysses Klaw (Earth-616),Public Identity,Bad Characters,Red Eyes,Bald,Male Characters,Deceased Characters,143,1966
15904,Cessily Kincaid (Earth-616),Secret Identity,Good Characters,Silver Eyes,Red Hair,Female Characters,Living Characters,143,2003
5592,Kyle Gibney (Earth-616),Secret Identity,Neutral Characters,Blue Eyes,Blond Hair,Male Characters,Deceased Characters,142,1983
2727,Jack Monroe (Earth-616),Public Identity,Good Characters,Brown Eyes,Brown Hair,Male Characters,Deceased Characters,141,1953
2164,Madeline Joyce (Earth-616),Secret Identity,Good Characters,Blue Eyes,Brown Hair,Female Characters,Deceased Characters,140,1943
